{
  "standard": {
    "encode_times": [
      0.005247966997558251,
      0.004188460996374488,
      0.004062023988808505,
      0.00443932501366362,
      0.0038923079991945997,
      0.0037568010011455044,
      0.003752981996512972,
      0.004016315011540428,
      0.004229919999488629,
      0.004218760004732758
    ],
    "decode_times": [
      0.0005003389960620552,
      0.0004639389953808859,
      0.0004586990107782185,
      0.0004784990014741197,
      0.0004451200074981898,
      0.000434260000474751,
      0.00044804900244344026,
      0.0004462389915715903,
      0.0007179319945862517,
      0.0004692389920819551
    ],
    "total_tokens": 1390,
    "avg_tokens_per_text": 13.9,
    "throughput_encode": 2004551.4796189961,
    "throughput_decode": 2858720.5933521474
  },
  "encrypted": {
    "encode_times": [
      0.004596320999553427,
      0.005789634000393562,
      0.004609071009326726,
      0.004395506999571808,
      0.00403726399235893,
      0.004687278997153044,
      0.004291938996175304,
      0.0050923600065289065,
      0.0039378569927066565,
      0.0050159820093540475
    ],
    "decode_times": [
      0.00047088900464586914,
      0.0006512840045616031,
      0.0005032280023442581,
      0.0005025089922128245,
      0.00047875900054350495,
      0.0005107479955768213,
      0.00046714900236111134,
      0.00047452800208702683,
      0.0004573990008793771,
      0.001542212994536385
    ],
    "total_tokens": 1390,
    "avg_tokens_per_text": 13.9,
    "throughput_encode": 1803965.5984700494,
    "throughput_decode": 2294219.2607755437
  }
}