{
    "model_type": "llama",
    "kv_cache": {
        "dtype": "int8",
        "scaling_factor": {
            "k_scale": {
                "0": {
                    "0": 0.1231689453125
                },
                "1": {
                    "0": 0.1207275390625
                },
                "2": {
                    "0": 0.1434326171875
                },
                "3": {
                    "0": 0.164794921875
                },
                "4": {
                    "0": 0.1737060546875
                },
                "5": {
                    "0": 0.1551513671875
                },
                "6": {
                    "0": 0.1473388671875
                },
                "7": {
                    "0": 0.165283203125
                },
                "8": {
                    "0": 0.16162109375
                },
                "9": {
                    "0": 0.175537109375
                },
                "10": {
                    "0": 0.1663818359375
                },
                "11": {
                    "0": 0.16943359375
                },
                "12": {
                    "0": 0.166259765625
                },
                "13": {
                    "0": 0.158935546875
                },
                "14": {
                    "0": 0.159912109375
                },
                "15": {
                    "0": 0.159912109375
                },
                "16": {
                    "0": 0.176025390625
                },
                "17": {
                    "0": 0.1488037109375
                },
                "18": {
                    "0": 0.1595458984375
                },
                "19": {
                    "0": 0.15966796875
                },
                "20": {
                    "0": 0.1533203125
                },
                "21": {
                    "0": 0.1688232421875
                },
                "22": {
                    "0": 0.1658935546875
                },
                "23": {
                    "0": 0.162109375
                },
                "24": {
                    "0": 0.1641845703125
                },
                "25": {
                    "0": 0.173583984375
                },
                "26": {
                    "0": 0.1690673828125
                },
                "27": {
                    "0": 0.1658935546875
                },
                "28": {
                    "0": 0.17578125
                },
                "29": {
                    "0": 0.284423828125
                },
                "30": {
                    "0": 0.1527099609375
                },
                "31": {
                    "0": 0.1712646484375
                }
            },
            "v_scale": {
                "0": {
                    "0": 0.0043487548828125
                },
                "1": {
                    "0": 0.03277587890625
                },
                "2": {
                    "0": 0.01546478271484375
                },
                "3": {
                    "0": 0.020416259765625
                },
                "4": {
                    "0": 0.0179901123046875
                },
                "5": {
                    "0": 0.019989013671875
                },
                "6": {
                    "0": 0.026153564453125
                },
                "7": {
                    "0": 0.024322509765625
                },
                "8": {
                    "0": 0.0236053466796875
                },
                "9": {
                    "0": 0.03265380859375
                },
                "10": {
                    "0": 0.0229949951171875
                },
                "11": {
                    "0": 0.0252532958984375
                },
                "12": {
                    "0": 0.0211181640625
                },
                "13": {
                    "0": 0.0229339599609375
                },
                "14": {
                    "0": 0.023834228515625
                },
                "15": {
                    "0": 0.032012939453125
                },
                "16": {
                    "0": 0.0228118896484375
                },
                "17": {
                    "0": 0.0221710205078125
                },
                "18": {
                    "0": 0.0302886962890625
                },
                "19": {
                    "0": 0.024627685546875
                },
                "20": {
                    "0": 0.0256195068359375
                },
                "21": {
                    "0": 0.027099609375
                },
                "22": {
                    "0": 0.039886474609375
                },
                "23": {
                    "0": 0.0297698974609375
                },
                "24": {
                    "0": 0.0445556640625
                },
                "25": {
                    "0": 0.033538818359375
                },
                "26": {
                    "0": 0.03857421875
                },
                "27": {
                    "0": 0.04254150390625
                },
                "28": {
                    "0": 0.04425048828125
                },
                "29": {
                    "0": 0.0560302734375
                },
                "30": {
                    "0": 0.059844970703125
                },
                "31": {
                    "0": 0.06732177734375
                }
            },
            "k_zero_point": {
                "0": {
                    "0": 0.0
                },
                "1": {
                    "0": 0.0
                },
                "2": {
                    "0": 0.0
                },
                "3": {
                    "0": 0.0
                },
                "4": {
                    "0": 0.0
                },
                "5": {
                    "0": 0.0
                },
                "6": {
                    "0": 0.0
                },
                "7": {
                    "0": 0.0
                },
                "8": {
                    "0": 0.0
                },
                "9": {
                    "0": 0.0
                },
                "10": {
                    "0": 0.0
                },
                "11": {
                    "0": 0.0
                },
                "12": {
                    "0": 0.0
                },
                "13": {
                    "0": 0.0
                },
                "14": {
                    "0": 0.0
                },
                "15": {
                    "0": 0.0
                },
                "16": {
                    "0": 0.0
                },
                "17": {
                    "0": 0.0
                },
                "18": {
                    "0": 0.0
                },
                "19": {
                    "0": 0.0
                },
                "20": {
                    "0": 0.0
                },
                "21": {
                    "0": 0.0
                },
                "22": {
                    "0": 0.0
                },
                "23": {
                    "0": 0.0
                },
                "24": {
                    "0": 0.0
                },
                "25": {
                    "0": 0.0
                },
                "26": {
                    "0": 0.0
                },
                "27": {
                    "0": 0.0
                },
                "28": {
                    "0": 0.0
                },
                "29": {
                    "0": 0.0
                },
                "30": {
                    "0": 0.0
                },
                "31": {
                    "0": 0.0
                }
            },