{
    "model_type": "llama",
    "kv_cache": {
        "dtype": "int8",
        "scaling_factor": {
            "k_scale": {
                "0": {
                    "0": 0.1224365234375
                },
                "1": {
                    "0": 0.11419677734375
                },
                "2": {
                    "0": 0.14453125
                },
                "3": {
                    "0": 0.1549072265625
                },
                "4": {
                    "0": 0.170166015625
                },
                "5": {
                    "0": 0.1585693359375
                },
                "6": {
                    "0": 0.145263671875
                },
                "7": {
                    "0": 0.1636962890625
                },
                "8": {
                    "0": 0.170166015625
                },
                "9": {
                    "0": 0.1697998046875
                },
                "10": {
                    "0": 0.166015625
                },
                "11": {
                    "0": 0.1634521484375
                },
                "12": {
                    "0": 0.16259765625
                },
                "13": {
                    "0": 0.1453857421875
                },
                "14": {
                    "0": 0.17041015625
                },
                "15": {
                    "0": 0.1512451171875
                },
                "16": {
                    "0": 0.179443359375
                },
                "17": {
                    "0": 0.1502685546875
                },
                "18": {
                    "0": 0.15234375
                },
                "19": {
                    "0": 0.16357421875
                },
                "20": {
                    "0": 0.1566162109375
                },
                "21": {
                    "0": 0.1685791015625
                },
                "22": {
                    "0": 0.153076171875
                },
                "23": {
                    "0": 0.1544189453125
                },
                "24": {
                    "0": 0.1654052734375
                },
                "25": {
                    "0": 0.1737060546875
                },
                "26": {
                    "0": 0.16748046875
                },
                "27": {
                    "0": 0.162841796875
                },
                "28": {
                    "0": 0.1656494140625
                },
                "29": {
                    "0": 0.2783203125
                },
                "30": {
                    "0": 0.147216796875
                },
                "31": {
                    "0": 0.1688232421875
                }
            },
            "v_scale": {
                "0": {
                    "0": 0.003971099853515625
                },
                "1": {
                    "0": 0.026824951171875
                },
                "2": {
                    "0": 0.015594482421875
                },
                "3": {
                    "0": 0.0190582275390625
                },
                "4": {
                    "0": 0.0164794921875
                },
                "5": {
                    "0": 0.0184783935546875
                },
                "6": {
                    "0": 0.0222320556640625
                },
                "7": {
                    "0": 0.0212860107421875
                },
                "8": {
                    "0": 0.0237579345703125
                },
                "9": {
                    "0": 0.028564453125
                },
                "10": {
                    "0": 0.0199737548828125
                },
                "11": {
                    "0": 0.0253753662109375
                },
                "12": {
                    "0": 0.0201416015625
                },
                "13": {
                    "0": 0.0236663818359375
                },
                "14": {
                    "0": 0.023468017578125
                },
                "15": {
                    "0": 0.03094482421875
                },
                "16": {
                    "0": 0.0203094482421875
                },
                "17": {
                    "0": 0.019073486328125
                },
                "18": {
                    "0": 0.0285797119140625
                },
                "19": {
                    "0": 0.0259857177734375
                },
                "20": {
                    "0": 0.0259552001953125
                },
                "21": {
                    "0": 0.0256500244140625
                },
                "22": {
                    "0": 0.031890869140625
                },
                "23": {
                    "0": 0.0276641845703125
                },
                "24": {
                    "0": 0.04351806640625
                },
                "25": {
                    "0": 0.035491943359375
                },
                "26": {
                    "0": 0.034912109375
                },
                "27": {
                    "0": 0.04412841796875
                },
                "28": {
                    "0": 0.042205810546875
                },
                "29": {
                    "0": 0.055694580078125
                },
                "30": {
                    "0": 0.05181884765625
                },
                "31": {
                    "0": 0.05096435546875
                }
            },
            "k_zero_point": {
                "0": {
                    "0": 0.0
                },
                "1": {
                    "0": 0.0
                },
                "2": {
                    "0": 0.0
                },
                "3": {
                    "0": 0.0
                },
                "4": {
                    "0": 0.0
                },
                "5": {
                    "0": 0.0
                },
                "6": {
                    "0": 0.0
                },
                "7": {
                    "0": 0.0
                },
                "8": {
                    "0": 0.0
                },
                "9": {
                    "0": 0.0
                },
                "10": {
                    "0": 0.0
                },
                "11": {
                    "0": 0.0
                },
                "12": {
                    "0": 0.0
                },
                "13": {
                    "0": 0.0
                },
                "14": {
                    "0": 0.0
                },
                "15": {
                    "0": 0.0
                },
                "16": {
                    "0": 0.0
                },
                "17": {
                    "0": 0.0
                },
                "18": {
                    "0": 0.0
                },
                "19": {
                    "0": 0.0
                },
                "20": {
                    "0": 0.0
                },
                "21": {
                    "0": 0.0
                },
                "22": {
                    "0": 0.0
                },
                "23": {
                    "0": 0.0
                },
                "24": {
                    "0": 0.0
                },
                "25": {
                    "0": 0.0
                },
                "26": {
                    "0": 0.0
                },
                "27": {
                    "0": 0.0
                },
                "28": {
                    "0": 0.0
                },
                "29": {
                    "0": 0.0
                },
                "30": {
                    "0": 0.0
                },
                "31": {
                    "0": 0.0
                }
            },