{
  "benchmark_type": "video_inference",
  "model": "Qwen/Qwen2.5-VL-3B-Instruct",
  "num_frames": 48,
  "question": "Describe what is happening in this video in detail.",
  "results": [
    {
      "config": "hybrid_attention",
      "model": "Qwen/Qwen2.5-VL-3B-Instruct",
      "num_frames": 48,
      "num_iterations": 300,
      "total_input_tokens": 2162100,
      "total_output_tokens": 38400,
      "avg_latency_seconds": 1.86939733584101,
      "min_latency_seconds": 1.8596422858536243,
      "max_latency_seconds": 1.9234168287366629,
      "p50_latency_seconds": 1.8644036054611206,
      "p90_latency_seconds": 1.882756626419723,
      "p99_latency_seconds": 1.9174115426838398,
      "throughput_tokens_per_second": 3923.7244321310154,
      "generation_tokens_per_second": 68.4712648006503,
      "all_latencies": [
        1.862891847267747,
        1.8633278105407953,
        1.8654470443725586,
        1.865261785686016,
        1.862691080197692,
        1.8624035958200693,
        1.8636096958070993,
        1.863991416990757,
        1.8637944273650646,
        1.8625869918614626,
        1.8630504794418812,
        1.862050499767065,
        1.8634106311947107,
        1.8635393809527159,
        1.8639754261821508,
        1.8637189641594887,
        1.8634924478828907,
        1.8629780430346727,
        1.872908554971218,
        1.8848562762141228,
        1.881600759923458,
        1.8864257652312517,
        1.8854654673486948,
        1.8881151042878628,
        1.8867671228945255,
        1.8852544613182545,
        1.8815923184156418,
        1.8840733598917723,
        1.869530888274312,
        1.8619108498096466,
        1.8660201076418161,
        1.8749282509088516,
        1.8769967332482338,
        1.864990308880806,
        1.8652240745723248,
        1.867857187986374,
        1.8641805872321129,
        1.8624604232609272,
        1.867906866595149,
        1.8638499975204468,
        1.8635206315666437,
        1.8673844989389181,
        1.8649514224380255,
        1.864024182781577,
        1.8660303112119436,
        1.864471461623907,
        1.8644550796598196,
        1.8662824872881174,
        1.8653151281177998,
        1.8642245456576347,
        1.8718888331204653,
        1.865028627216816,
        1.864286968484521,
        1.866770077496767,
        1.8653884828090668,
        1.8653929494321346,
        1.867886634543538,
        1.8649710323661566,
        1.8643961884081364,
        1.8663057684898376,
        1.863899376243353,
        1.8643333986401558,
        1.8654336147010326,
        1.8643390405923128,
        1.8629634585231543,
        1.8666893783956766,
        1.8749732691794634,
        1.8702883124351501,
        1.869436590000987,
        1.8708472475409508,
        1.8807419892400503,
        1.879281084984541,
        1.8791461773216724,
        1.882577432319522,
        1.8863737471401691,
        1.9089944269508123,
        1.9106585215777159,
        1.8921564165502787,
        1.8747440595179796,
        1.8734186682850122,
        1.8674451373517513,
        1.8735188692808151,
        1.876048369333148,
        1.8753214795142412,
        1.8743955232203007,
        1.8775921892374754,
        1.8804563041776419,
        1.8804436270147562,
        1.8788363877683878,
        1.8792436923831701,
        1.8892719689756632,
        1.912763198837638,
        1.9144341759383678,
        1.9153607934713364,
        1.9234168287366629,
        1.923070453107357,
        1.917381465435028,
        1.9203891903162003,
        1.9004844799637794,
        1.9092293418943882,
        1.9007399324327707,
        1.8969569373875856,
        1.8986466769129038,
        1.8964073192328215,
        1.892195425927639,
        1.890397660434246,
        1.8944529201835394,
        1.8877280969172716,
        1.884052973240614,
        1.8765346072614193,
        1.8745598793029785,
        1.8782909158617258,
        1.8813559487462044,
        1.8813446592539549,
        1.879284219816327,
        1.8779204320162535,
        1.882287047803402,
        1.8826125878840685,
        1.8788818884640932,
        1.8793174475431442,
        1.8706318102777004,
        1.866500711068511,
        1.8676301147788763,
        1.867517862468958,
        1.8673250749707222,
        1.8673805966973305,
        1.8652188815176487,
        1.8653018195182085,
        1.8729596212506294,
        1.8662493973970413,
        1.8684852812439203,
        1.867537697777152,
        1.8674379717558622,
        1.8656722586601973,
        1.8688191063702106,
        1.871245164424181,
        1.8617115505039692,
        1.86141824349761,
        1.8614734895527363,
        1.861347459256649,
        1.861359629780054,
        1.8614536076784134,
        1.860051967203617,
        1.8596422858536243,
        1.8603480514138937,
        1.860678879544139,
        1.8621656205505133,
        1.8614469598978758,
        1.8620363250374794,
        1.860977541655302,
        1.861698655411601,
        1.862355899065733,
        1.8616588581353426,
        1.8607320543378592,
        1.868193544447422,
        1.8610243201255798,
        1.8608852066099644,
        1.8607438020408154,
        1.8634737934917212,
        1.8618995398283005,
        1.8614262752234936,
        1.8614644203335047,
        1.8614201676100492,
        1.8615200351923704,
        1.8610636703670025,
        1.8614862449467182,
        1.8612478412687778,
        1.8610655702650547,
        1.8611984010785818,
        1.8620026744902134,
        1.8613793198019266,
        1.8609060943126678,
        1.8617624808102846,
        1.8626416008919477,
        1.8725649807602167,
        1.8737146090716124,
        1.8737097810953856,
        1.8733466137200594,
        1.8742401394993067,
        1.8730718959122896,
        1.8775743674486876,
        1.8734093625098467,
        1.8726467154920101,
        1.8703897148370743,
        1.873175486922264,
        1.874185249209404,
        1.8688611965626478,
        1.8701419215649366,
        1.8739313893020153,
        1.8742941040545702,
        1.8742853570729494,
        1.8716365788131952,
        1.8723846655339003,
        1.8683689441531897,
        1.8673272002488375,
        1.870911493897438,
        1.8683641590178013,
        1.8655668925493956,
        1.8635513912886381,
        1.8634812515228987,
        1.8639115169644356,
        1.8646019604057074,
        1.8628554809838533,
        1.8608071934431791,
        1.8613182604312897,
        1.8610685262829065,
        1.8714775294065475,
        1.8610691465437412,
        1.861120816320181,
        1.860299464315176,
        1.8607039861381054,
        1.8610798176378012,
        1.860922146588564,
        1.8689593579620123,
        1.8615300133824348,
        1.8612140379846096,
        1.8609817028045654,
        1.861166151240468,
        1.863740699365735,
        1.861445114016533,
        1.8639413472265005,
        1.8625305499881506,
        1.8629282265901566,
        1.8631999120116234,
        1.8625880293548107,
        1.8627728037536144,
        1.863584851846099,
        1.8670552037656307,
        1.865350691601634,
        1.869156550616026,
        1.864274287596345,
        1.8643066845834255,
        1.8706495966762304,
        1.8631753753870726,
        1.865426979959011,
        1.8647829126566648,
        1.864611603319645,
        1.864566620439291,
        1.8646830897778273,
        1.8646309226751328,
        1.8644110225141048,
        1.8742880318313837,
        1.8635763600468636,
        1.8629940953105688,
        1.8614072520285845,
        1.8607665002346039,
        1.8607956524938345,
        1.8608787916600704,
        1.8614231497049332,
        1.8611135687679052,
        1.8610538803040981,
        1.8615729995071888,
        1.8642032034695148,
        1.8627217449247837,
        1.8616809975355864,
        1.8623801451176405,
        1.8623128030449152,
        1.8616496175527573,
