{
  "benchmark_type": "video_inference",
  "model": "Qwen/Qwen2.5-VL-3B-Instruct",
  "num_frames": 48,
  "question": "Describe what is happening in this video in detail.",
  "results": [
    {
      "config": "standard_attention",
      "model": "Qwen/Qwen2.5-VL-3B-Instruct",
      "num_frames": 48,
      "num_iterations": 300,
      "total_input_tokens": 2162100,
      "total_output_tokens": 38400,
      "avg_latency_seconds": 1.861982765396436,
      "min_latency_seconds": 1.8592415768653154,
      "max_latency_seconds": 1.878790508955717,
      "p50_latency_seconds": 1.861010824330151,
      "p90_latency_seconds": 1.8659079194068908,
      "p99_latency_seconds": 1.8747913019359113,
      "throughput_tokens_per_second": 3939.3490296019468,
      "generation_tokens_per_second": 68.74392307962498,
      "all_latencies": [
        1.8613704461604357,
        1.8608759008347988,
        1.8603195939213037,
        1.8610362000763416,
        1.8608196545392275,
        1.8618956208229065,
        1.864925280213356,
        1.8606695029884577,
        1.8608368318527937,
        1.860504750162363,
        1.8636078927665949,
        1.8617724813520908,
        1.8612953200936317,
        1.8609600402414799,
        1.860298415645957,
        1.860964821651578,
        1.8603185880929232,
        1.8607112113386393,
        1.8600611928850412,
        1.8604408744722605,
        1.8600264210253954,
        1.8682677280157804,
        1.8684613276273012,
        1.8602707423269749,
        1.8605099320411682,
        1.8604743536561728,
        1.8601658679544926,
        1.8601223658770323,
        1.863320730626583,
        1.8596557937562466,
        1.8608074355870485,
        1.85983107984066,
        1.8601421676576138,
        1.860100431367755,
        1.859585925936699,
        1.8606917839497328,
        1.8600853011012077,
        1.8595781568437815,
        1.8604556061327457,
        1.862771537154913,
        1.8608026374131441,
        1.8597744815051556,
        1.8609884828329086,
        1.8605808597058058,
        1.8599441926926374,
        1.860253382474184,
        1.859923930838704,
        1.8599843475967646,
        1.8599496632814407,
        1.8605429995805025,
        1.8602609299123287,
        1.860622314736247,
        1.8606075532734394,
        1.8603804763406515,
        1.8682504389435053,
        1.8747778236865997,
        1.8605921920388937,
        1.860073884949088,
        1.85953682474792,
        1.8592415768653154,
        1.8595532681792974,
        1.8594365380704403,
        1.8596608713269234,
        1.8597267605364323,
        1.8606439288705587,
        1.8647201526910067,
        1.8606219049543142,
        1.8599821515381336,
        1.860486675053835,
        1.8674805723130703,
        1.8672837223857641,
        1.8638769779354334,
        1.865885293111205,
        1.8629068955779076,
        1.860137365758419,
        1.8616777565330267,
        1.861184859648347,
        1.8628784194588661,
        1.8761256486177444,
        1.8601312413811684,
        1.8663696274161339,
        1.8604771457612514,
        1.8604132011532784,
        1.8622397482395172,
        1.863088894635439,
        1.86009918525815,
        1.8604738246649504,
        1.8599261846393347,
        1.8607023153454065,
        1.8596485201269388,
        1.859659630805254,
        1.8597348127514124,
        1.8597499933093786,
        1.8597560115158558,
        1.8596773408353329,
        1.8601196762174368,
        1.8596054185181856,
        1.859304465353489,
        1.8600711077451706,
        1.8613262008875608,
        1.860010538250208,
        1.8610109947621822,
        1.8604774810373783,
        1.860000243410468,
        1.8601098116487265,
        1.86020321957767,
        1.8660122975707054,
        1.8593155220150948,
        1.8594712726771832,
        1.8594986610114574,
        1.8621684685349464,
        1.86079902946949,
        1.8626532200723886,
        1.860049633309245,
        1.859828855842352,
        1.8597349599003792,
        1.8595317043364048,
        1.859337056055665,
        1.8600762840360403,
        1.86101065389812,
        1.8602583799511194,
        1.8598867040127516,
        1.8620919547975063,
        1.8614750318229198,
        1.860945088788867,
        1.8627331480383873,
        1.861046863719821,
        1.86145949549973,
        1.862230220809579,
        1.8623328562825918,
        1.8615798633545637,
        1.862065764144063,
        1.8686840422451496,
        1.8625639155507088,
        1.8622778467833996,
        1.8625881373882294,
        1.8625988848507404,
        1.8617721516638994,
        1.8612735886126757,
        1.8667430896311998,
        1.867821091786027,
        1.8705011811107397,
        1.862093910574913,
        1.8613261133432388,
        1.8610766474157572,
        1.8610760122537613,
        1.8618106786161661,
        1.8611332681030035,
        1.8612067718058825,
        1.8643928840756416,
        1.861963301897049,
        1.8615461327135563,
        1.8612999524921179,
        1.860721254721284,
        1.8608787879347801,
        1.861088378354907,
        1.8676357753574848,
        1.867905093356967,
        1.878790508955717,
        1.866325594484806,
        1.862656967714429,
        1.8665449041873217,
        1.861781232059002,
        1.8636429365724325,
        1.8645266275852919,
        1.8768622241914272,
        1.861388936638832,
        1.8611015882343054,
        1.861148340627551,
        1.8617678340524435,
        1.8609281666576862,
        1.8608870320022106,
        1.8643751572817564,
        1.8640622198581696,
        1.8612388204783201,
        1.8615557104349136,
        1.861799743026495,
        1.86151291616261,
        1.8618775587528944,
        1.8616586662828922,
        1.8618784919381142,
        1.8624560795724392,
        1.8626714833080769,
        1.8622397277504206,
        1.8700420185923576,
        1.8648236002773046,
        1.8658963218331337,
        1.8626667987555265,
        1.8628083039075136,
        1.8622492123395205,
        1.8620607368648052,
        1.8626460116356611,
        1.8612605966627598,
        1.862048676237464,
        1.861849406734109,
        1.8614525627344847,
        1.8653439059853554,
        1.8611558265984058,
        1.8615604639053345,
        1.86155267059803,
        1.861164167523384,
        1.8610626328736544,
        1.8604419622570276,
        1.8605428747832775,
        1.860814755782485,
        1.8607435170561075,
        1.8604024220257998,
        1.8599921986460686,
        1.860894113779068,
        1.864869238808751,
        1.8667342215776443,
        1.8609677832573652,
        1.860894899815321,
        1.86037483997643,
        1.8614954221993685,
        1.860581150278449,
        1.8604231905192137,
        1.8611528798937798,
        1.8611223939806223,
        1.860557733103633,
        1.8608731515705585,
        1.8621827941387892,
        1.8693753369152546,
        1.8668282739818096,
        1.8644943311810493,
        1.862742466852069,
        1.861724928021431,
        1.860221205279231,
        1.8610358256846666,
        1.8610414247959852,
        1.8608349971473217,
        1.8643877767026424,
        1.8737437184900045,
        1.8601913172751665,
        1.8597283270210028,
        1.8608144968748093,
        1.8663602154701948,
        1.860165799036622,
        1.8605135064572096,
        1.8600184433162212,
        1.8658459521830082,
        1.8650960568338633,
        1.8642688021063805,
        1.866814086213708,
        1.8669745959341526,
        1.8743488639593124,
        1.8607794865965843,
        1.861284101381898,
        1.8600569665431976,
        1.8615862149745226,
        1.8600819781422615,
        1.8597783595323563,
        1.860612340271473,
        1.860685657709837,
        1.8600012622773647,
        1.8600960671901703,
        1.8602220080792904,
        1.8602944854646921,
