{
    "model_type": "llama",
    "kv_cache": {
        "dtype": "int8",
        "scaling_factor": {
            "k_scale": {
                "0": {
                    "0": 0.129150390625
                },
                "1": {
                    "0": 0.1142578125
                },
                "2": {
                    "0": 0.1436767578125
                },
                "3": {
                    "0": 0.1578369140625
                },
                "4": {
                    "0": 0.1759033203125
                },
                "5": {
                    "0": 0.154296875
                },
                "6": {
                    "0": 0.1495361328125
                },
                "7": {
                    "0": 0.1649169921875
                },
                "8": {
                    "0": 0.16845703125
                },
                "9": {
                    "0": 0.1705322265625
                },
                "10": {
                    "0": 0.1656494140625
                },
                "11": {
                    "0": 0.16943359375
                },
                "12": {
                    "0": 0.164794921875
                },
                "13": {
                    "0": 0.1494140625
                },
                "14": {
                    "0": 0.156982421875
                },
                "15": {
                    "0": 0.1583251953125
                },
                "16": {
                    "0": 0.176025390625
                },
                "17": {
                    "0": 0.14404296875
                },
                "18": {
                    "0": 0.1514892578125
                },
                "19": {
                    "0": 0.1611328125
                },
                "20": {
                    "0": 0.167724609375
                },
                "21": {
                    "0": 0.1746826171875
                },
                "22": {
                    "0": 0.1671142578125
                },
                "23": {
                    "0": 0.1583251953125
                },
                "24": {
                    "0": 0.1651611328125
                },
                "25": {
                    "0": 0.1749267578125
                },
                "26": {
                    "0": 0.1690673828125
                },
                "27": {
                    "0": 0.166259765625
                },
                "28": {
                    "0": 0.171875
                },
                "29": {
                    "0": 0.274658203125
                },
                "30": {
                    "0": 0.154296875
                },
                "31": {
                    "0": 0.1710205078125
                }
            },
            "v_scale": {
                "0": {
                    "0": 0.0043487548828125
                },
                "1": {
                    "0": 0.026824951171875
                },
                "2": {
                    "0": 0.0152435302734375
                },
                "3": {
                    "0": 0.0201873779296875
                },
                "4": {
                    "0": 0.0155487060546875
                },
                "5": {
                    "0": 0.018310546875
                },
                "6": {
                    "0": 0.026275634765625
                },
                "7": {
                    "0": 0.021453857421875
                },
                "8": {
                    "0": 0.0244903564453125
                },
                "9": {
                    "0": 0.027191162109375
                },
                "10": {
                    "0": 0.0209503173828125
                },
                "11": {
                    "0": 0.0244903564453125
                },
                "12": {
                    "0": 0.0201873779296875
                },
                "13": {
                    "0": 0.026458740234375
                },
                "14": {
                    "0": 0.022308349609375
                },
                "15": {
                    "0": 0.03277587890625
                },
                "16": {
                    "0": 0.024322509765625
                },
                "17": {
                    "0": 0.019134521484375
                },
                "18": {
                    "0": 0.028045654296875
                },
                "19": {
                    "0": 0.028289794921875
                },
                "20": {
                    "0": 0.0242919921875
                },
                "21": {
                    "0": 0.0261688232421875
                },
                "22": {
                    "0": 0.034423828125
                },
                "23": {
                    "0": 0.02978515625
                },
                "24": {
                    "0": 0.0433349609375
                },
                "25": {
                    "0": 0.034942626953125
                },
                "26": {
                    "0": 0.037017822265625
                },
                "27": {
                    "0": 0.04461669921875
                },
                "28": {
                    "0": 0.04510498046875
                },
                "29": {
                    "0": 0.056243896484375
                },
                "30": {
                    "0": 0.0516357421875
                },
                "31": {
                    "0": 0.051513671875
                }
            },
            "k_zero_point": {
                "0": {
                    "0": 0.0
                },
                "1": {
                    "0": 0.0
                },
                "2": {
                    "0": 0.0
                },
                "3": {
                    "0": 0.0
                },
                "4": {
                    "0": 0.0
                },
                "5": {
                    "0": 0.0
                },
                "6": {
                    "0": 0.0
                },
                "7": {
                    "0": 0.0
                },
                "8": {
                    "0": 0.0
                },
                "9": {
                    "0": 0.0
                },
                "10": {
                    "0": 0.0
                },
                "11": {
                    "0": 0.0
                },
                "12": {
                    "0": 0.0
                },
                "13": {
                    "0": 0.0
                },
                "14": {
                    "0": 0.0
                },
                "15": {
                    "0": 0.0
                },
                "16": {
                    "0": 0.0
                },
                "17": {
                    "0": 0.0
                },
                "18": {
                    "0": 0.0
                },
                "19": {
                    "0": 0.0
                },
                "20": {
                    "0": 0.0
                },
                "21": {
                    "0": 0.0
                },
                "22": {
                    "0": 0.0
                },
                "23": {
                    "0": 0.0
                },
                "24": {
                    "0": 0.0
                },
                "25": {
                    "0": 0.0
                },
                "26": {
                    "0": 0.0
                },
                "27": {
                    "0": 0.0
                },
                "28": {
                    "0": 0.0
                },
                "29": {
                    "0": 0.0
                },
                "30": {
                    "0": 0.0
                },
                "31": {
                    "0": 0.0
                }
            },
            "v_zero_point": {
                "0": {
                    "0": 0.0
                },