{
    "model_type": "llama",
    "kv_cache": {
        "dtype": "int8",
        "scaling_factor": {
            "k_scale": {
                "0": {
                    "0": 0.1224365234375
                },
                "1": {
                    "0": 0.11419677734375
                },
                "2": {
                    "0": 0.1402587890625
                },
                "3": {
                    "0": 0.1531982421875
                },
                "4": {
                    "0": 0.1619873046875
                },
                "5": {
                    "0": 0.151123046875
                },
                "6": {
                    "0": 0.14501953125
                },
                "7": {
                    "0": 0.160400390625
                },
                "8": {
                    "0": 0.16259765625
                },
                "9": {
                    "0": 0.1693115234375
                },
                "10": {
                    "0": 0.1617431640625
                },
                "11": {
                    "0": 0.157958984375
                },
                "12": {
                    "0": 0.1585693359375
                },
                "13": {
                    "0": 0.1397705078125
                },
                "14": {
                    "0": 0.1500244140625
                },
                "15": {
                    "0": 0.1456298828125
                },
                "16": {
                    "0": 0.1715087890625
                },
                "17": {
                    "0": 0.146240234375
                },
                "18": {
                    "0": 0.14599609375
                },
                "19": {
                    "0": 0.1573486328125
                },
                "20": {
                    "0": 0.1424560546875
                },
                "21": {
                    "0": 0.1644287109375
                },
                "22": {
                    "0": 0.1575927734375
                },
                "23": {
                    "0": 0.1531982421875
                },
                "24": {
                    "0": 0.158203125
                },
                "25": {
                    "0": 0.1683349609375
                },
                "26": {
                    "0": 0.17041015625
                },
                "27": {
                    "0": 0.158447265625
                },
                "28": {
                    "0": 0.165283203125
                },
                "29": {
                    "0": 0.271728515625
                },
                "30": {
                    "0": 0.1478271484375
                },
                "31": {
                    "0": 0.1695556640625
                }
            },
            "v_scale": {
                "0": {
                    "0": 0.003971099853515625
                },
                "1": {
                    "0": 0.026824951171875
                },
                "2": {
                    "0": 0.01462554931640625
                },
                "3": {
                    "0": 0.0189666748046875
                },
                "4": {
                    "0": 0.01531219482421875
                },
                "5": {
                    "0": 0.0182342529296875
                },
                "6": {
                    "0": 0.0256195068359375
                },
                "7": {
                    "0": 0.0216827392578125
                },
                "8": {
                    "0": 0.0185089111328125
                },
                "9": {
                    "0": 0.0261688232421875
                },
                "10": {
                    "0": 0.0210723876953125
                },
                "11": {
                    "0": 0.0270843505859375
                },
                "12": {
                    "0": 0.01995849609375
                },
                "13": {
                    "0": 0.0227203369140625
                },
                "14": {
                    "0": 0.02325439453125
                },
                "15": {
                    "0": 0.03546142578125
                },
                "16": {
                    "0": 0.0186614990234375
                },
                "17": {
                    "0": 0.0208587646484375
                },
                "18": {
                    "0": 0.0313720703125
                },
                "19": {
                    "0": 0.0240936279296875
                },
                "20": {
                    "0": 0.0233154296875
                },
                "21": {
                    "0": 0.02655029296875
                },
                "22": {
                    "0": 0.03662109375
                },
                "23": {
                    "0": 0.0283660888671875
                },
                "24": {
                    "0": 0.044097900390625
                },
                "25": {
                    "0": 0.03369140625
                },
                "26": {
                    "0": 0.036865234375
                },
                "27": {
                    "0": 0.03985595703125
                },
                "28": {
                    "0": 0.0416259765625
                },
                "29": {
                    "0": 0.05572509765625
                },
                "30": {
                    "0": 0.049285888671875
                },
                "31": {
                    "0": 0.043701171875
                }
            },
            "k_zero_point": {
                "0": {
                    "0": 0.0
                },
                "1": {
                    "0": 0.0
                },
                "2": {
                    "0": 0.0
                },
                "3": {
                    "0": 0.0
                },
                "4": {
                    "0": 0.0
                },
                "5": {
                    "0": 0.0
                },
                "6": {
                    "0": 0.0
                },
                "7": {
                    "0": 0.0
                },
                "8": {
                    "0": 0.0
                },
                "9": {
                    "0": 0.0
                },
                "10": {
                    "0": 0.0
                },
                "11": {
                    "0": 0.0
                },
                "12": {
                    "0": 0.0
                },
                "13": {
                    "0": 0.0
                },
                "14": {
                    "0": 0.0
                },
                "15": {
                    "0": 0.0
                },
                "16": {
                    "0": 0.0
                },
                "17": {
                    "0": 0.0
                },
                "18": {
                    "0": 0.0
                },
                "19": {
                    "0": 0.0
                },
                "20": {
                    "0": 0.0
                },
                "21": {
                    "0": 0.0
                },
                "22": {
                    "0": 0.0
                },
                "23": {
                    "0": 0.0
                },
                "24": {
                    "0": 0.0
                },
                "25": {
                    "0": 0.0
                },
                "26": {
                    "0": 0.0
                },
                "27": {
                    "0": 0.0
                },
                "28": {
                    "0": 0.0
                },
                "29": {
                    "0": 0.0
                },
                "30": {
                    "0": 0.0
                },
                "31": {
                    "0": 0.0
                }
            },