{
    "model_type": "llama",
    "kv_cache": {
        "dtype": "int8",
        "scaling_factor": {
            "k_scale": {
                "0": {
                    "0": 0.1224365234375
                },
                "1": {
                    "0": 0.11419677734375
                },
                "2": {
                    "0": 0.1395263671875
                },
                "3": {
                    "0": 0.151611328125
                },
                "4": {
                    "0": 0.1661376953125
                },
                "5": {
                    "0": 0.1510009765625
                },
                "6": {
                    "0": 0.145751953125
                },
                "7": {
                    "0": 0.16162109375
                },
                "8": {
                    "0": 0.1690673828125
                },
                "9": {
                    "0": 0.173095703125
                },
                "10": {
                    "0": 0.1744384765625
                },
                "11": {
                    "0": 0.1590576171875
                },
                "12": {
                    "0": 0.1650390625
                },
                "13": {
                    "0": 0.14111328125
                },
                "14": {
                    "0": 0.1553955078125
                },
                "15": {
                    "0": 0.14501953125
                },
                "16": {
                    "0": 0.1708984375
                },
                "17": {
                    "0": 0.1414794921875
                },
                "18": {
                    "0": 0.146484375
                },
                "19": {
                    "0": 0.157470703125
                },
                "20": {
                    "0": 0.1480712890625
                },
                "21": {
                    "0": 0.169921875
                },
                "22": {
                    "0": 0.1524658203125
                },
                "23": {
                    "0": 0.15234375
                },
                "24": {
                    "0": 0.157470703125
                },
                "25": {
                    "0": 0.164794921875
                },
                "26": {
                    "0": 0.160400390625
                },
                "27": {
                    "0": 0.1622314453125
                },
                "28": {
                    "0": 0.171142578125
                },
                "29": {
                    "0": 0.272705078125
                },
                "30": {
                    "0": 0.1488037109375
                },
                "31": {
                    "0": 0.168701171875
                }
            },
            "v_scale": {
                "0": {
                    "0": 0.003971099853515625
                },
                "1": {
                    "0": 0.026824951171875
                },
                "2": {
                    "0": 0.01546478271484375
                },
                "3": {
                    "0": 0.0194549560546875
                },
                "4": {
                    "0": 0.01535797119140625
                },
                "5": {
                    "0": 0.018402099609375
                },
                "6": {
                    "0": 0.0216064453125
                },
                "7": {
                    "0": 0.0212554931640625
                },
                "8": {
                    "0": 0.0189056396484375
                },
                "9": {
                    "0": 0.024444580078125
                },
                "10": {
                    "0": 0.0208740234375
                },
                "11": {
                    "0": 0.0243072509765625
                },
                "12": {
                    "0": 0.0198211669921875
                },
                "13": {
                    "0": 0.0221099853515625
                },
                "14": {
                    "0": 0.0225830078125
                },
                "15": {
                    "0": 0.03179931640625
                },
                "16": {
                    "0": 0.0191802978515625
                },
                "17": {
                    "0": 0.020111083984375
                },
                "18": {
                    "0": 0.0280609130859375
                },
                "19": {
                    "0": 0.0239105224609375
                },
                "20": {
                    "0": 0.0233612060546875
                },
                "21": {
                    "0": 0.0252838134765625
                },
                "22": {
                    "0": 0.037628173828125
                },
                "23": {
                    "0": 0.0284576416015625
                },
                "24": {
                    "0": 0.0430908203125
                },
                "25": {
                    "0": 0.034088134765625
                },
                "26": {
                    "0": 0.03619384765625
                },
                "27": {
                    "0": 0.040252685546875
                },
                "28": {
                    "0": 0.038116455078125
                },
                "29": {
                    "0": 0.054412841796875
                },
                "30": {
                    "0": 0.048675537109375
                },
                "31": {
                    "0": 0.05157470703125
                }
            },
            "k_zero_point": {
                "0": {
                    "0": 0.0
                },
                "1": {
                    "0": 0.0
                },
                "2": {
                    "0": 0.0
                },
                "3": {
                    "0": 0.0
                },
                "4": {
                    "0": 0.0
                },
                "5": {
                    "0": 0.0
                },
                "6": {
                    "0": 0.0
                },
                "7": {
                    "0": 0.0
                },
                "8": {
                    "0": 0.0
                },
                "9": {
                    "0": 0.0
                },
                "10": {
                    "0": 0.0
                },
                "11": {
                    "0": 0.0
                },
                "12": {
                    "0": 0.0
                },
                "13": {
                    "0": 0.0
                },
                "14": {
                    "0": 0.0
                },
                "15": {
                    "0": 0.0
                },
                "16": {
                    "0": 0.0
                },
                "17": {
                    "0": 0.0
                },
                "18": {
                    "0": 0.0
                },
                "19": {
                    "0": 0.0
                },
                "20": {
                    "0": 0.0
                },
                "21": {
                    "0": 0.0
                },
                "22": {
                    "0": 0.0
                },
                "23": {
                    "0": 0.0
                },
                "24": {
                    "0": 0.0
                },
                "25": {
                    "0": 0.0
                },
                "26": {
                    "0": 0.0
                },
                "27": {
                    "0": 0.0
                },
                "28": {
                    "0": 0.0
                },
                "29": {
                    "0": 0.0
                },
                "30": {
                    "0": 0.0
                },
                "31": {
                    "0": 0.0
                }
            },