{
    "model_type": "llama",
    "kv_cache": {
        "dtype": "int8",
        "scaling_factor": {
            "k_scale": {
                "0": {
                    "0": 0.120849609375
                },
                "1": {
                    "0": 0.122802734375
                },
                "2": {
                    "0": 0.15283203125
                },
                "3": {
                    "0": 0.158935546875
                },
                "4": {
                    "0": 0.16845703125
                },
                "5": {
                    "0": 0.1571044921875
                },
                "6": {
                    "0": 0.14501953125
                },
                "7": {
                    "0": 0.1658935546875
                },
                "8": {
                    "0": 0.177734375
                },
                "9": {
                    "0": 0.172119140625
                },
                "10": {
                    "0": 0.161865234375
                },
                "11": {
                    "0": 0.156005859375
                },
                "12": {
                    "0": 0.1600341796875
                },
                "13": {
                    "0": 0.1513671875
                },
                "14": {
                    "0": 0.154052734375
                },
                "15": {
                    "0": 0.148681640625
                },
                "16": {
                    "0": 0.1746826171875
                },
                "17": {
                    "0": 0.1436767578125
                },
                "18": {
                    "0": 0.1470947265625
                },
                "19": {
                    "0": 0.156494140625
                },
                "20": {
                    "0": 0.1448974609375
                },
                "21": {
                    "0": 0.1673583984375
                },
                "22": {
                    "0": 0.1522216796875
                },
                "23": {
                    "0": 0.1527099609375
                },
                "24": {
                    "0": 0.1624755859375
                },
                "25": {
                    "0": 0.1700439453125
                },
                "26": {
                    "0": 0.167236328125
                },
                "27": {
                    "0": 0.1580810546875
                },
                "28": {
                    "0": 0.1685791015625
                },
                "29": {
                    "0": 0.279296875
                },
                "30": {
                    "0": 0.1533203125
                },
                "31": {
                    "0": 0.168212890625
                }
            },
            "v_scale": {
                "0": {
                    "0": 0.0043487548828125
                },
                "1": {
                    "0": 0.031768798828125
                },
                "2": {
                    "0": 0.0150146484375
                },
                "3": {
                    "0": 0.018707275390625
                },
                "4": {
                    "0": 0.0187225341796875
                },
                "5": {
                    "0": 0.020416259765625
                },
                "6": {
                    "0": 0.032012939453125
                },
                "7": {
                    "0": 0.02264404296875
                },
                "8": {
                    "0": 0.02203369140625
                },
                "9": {
                    "0": 0.032928466796875
                },
                "10": {
                    "0": 0.0215606689453125
                },
                "11": {
                    "0": 0.025390625
                },
                "12": {
                    "0": 0.019378662109375
                },
                "13": {
                    "0": 0.0232696533203125
                },
                "14": {
                    "0": 0.0233917236328125
                },
                "15": {
                    "0": 0.033447265625
                },
                "16": {
                    "0": 0.0192108154296875
                },
                "17": {
                    "0": 0.022064208984375
                },
                "18": {
                    "0": 0.0280609130859375
                },
                "19": {
                    "0": 0.02813720703125
                },
                "20": {
                    "0": 0.0250091552734375
                },
                "21": {
                    "0": 0.0285491943359375
                },
                "22": {
                    "0": 0.0396728515625
                },
                "23": {
                    "0": 0.0294036865234375
                },
                "24": {
                    "0": 0.04754638671875
                },
                "25": {
                    "0": 0.034149169921875
                },
                "26": {
                    "0": 0.0340576171875
                },
                "27": {
                    "0": 0.044769287109375
                },
                "28": {
                    "0": 0.04180908203125
                },
                "29": {
                    "0": 0.058990478515625
                },
                "30": {
                    "0": 0.05853271484375
                },
                "31": {
                    "0": 0.06024169921875
                }
            },
            "k_zero_point": {
                "0": {
                    "0": 0.0
                },
                "1": {
                    "0": 0.0
                },
                "2": {
                    "0": 0.0
                },
                "3": {
                    "0": 0.0
                },
                "4": {
                    "0": 0.0
                },
                "5": {
                    "0": 0.0
                },
                "6": {
                    "0": 0.0
                },
                "7": {
                    "0": 0.0
                },
                "8": {
                    "0": 0.0
                },
                "9": {
                    "0": 0.0
                },
                "10": {
                    "0": 0.0
                },
                "11": {
                    "0": 0.0
                },
                "12": {
                    "0": 0.0
                },
                "13": {
                    "0": 0.0
                },
                "14": {
                    "0": 0.0
                },
                "15": {
                    "0": 0.0
                },
                "16": {
                    "0": 0.0
                },
                "17": {
                    "0": 0.0
                },
                "18": {
                    "0": 0.0
                },
                "19": {
                    "0": 0.0
                },
                "20": {
                    "0": 0.0
                },
                "21": {
                    "0": 0.0
                },
                "22": {
                    "0": 0.0
                },
                "23": {
                    "0": 0.0
                },
                "24": {
                    "0": 0.0
                },
                "25": {
                    "0": 0.0
                },
                "26": {
                    "0": 0.0
                },
                "27": {
                    "0": 0.0
                },
                "28": {
                    "0": 0.0
                },
                "29": {
                    "0": 0.0
                },
                "30": {
                    "0": 0.0
                },
                "31": {
                    "0": 0.0
                }
            },
            "v_zero_point": {
                "0": {
                    "0": 0.0
                },