{
  "short_requests_2": [
    {
      "scheduler_type": "MLFQ",
      "total_requests": 2,
      "total_tokens": 40,
      "total_time": 0.1761622428894043,
      "throughput_tokens_per_sec": 227.0634123630694,
      "avg_latency": 0.1761418581008911,
      "p50_latency": 0.1761418581008911,
      "p95_latency": 0.17614436149597168,
      "p99_latency": 0.17614436149597168,
      "avg_ttft": 0.052842557430267334,
      "p50_ttft": 0.052842557430267334,
      "p95_ttft": 0.0528433084487915,
      "p99_ttft": 0.0528433084487915,
      "success_rate": 1.0,
      "error_count": 0,
      "config": {
        "model": "/home/lifd/models/opt-125m/facebook/opt-125m",
        "max_num_seqs": 8,
        "max_num_batched_tokens": 2048,
        "enforce_eager": true,
        "disable_log_stats": true,
        "tensor_parallel_size": 1,
        "gpu_memory_utilization": 0.7,
        "scheduling_policy": "mlfq",
        "mlfq_num_levels": 4,
        "mlfq_base_quantum": 1,
        "mlfq_quantum_multiplier": 2.0,
        "mlfq_skip_join_base": 100,
        "mlfq_starvation_threshold": 50,
        "mlfq_eta": 1
      }
    },
    {
      "scheduler_type": "Default",
      "total_requests": 2,
      "total_tokens": 40,
      "total_time": 0.16325116157531738,
      "throughput_tokens_per_sec": 245.02122750009127,
      "avg_latency": 0.16323280334472656,
      "p50_latency": 0.16323280334472656,
      "p95_latency": 0.16323375701904297,
      "p99_latency": 0.16323375701904297,
      "avg_ttft": 0.04896984100341797,
      "p50_ttft": 0.04896984100341797,
      "p95_ttft": 0.04897012710571289,
      "p99_ttft": 0.04897012710571289,
      "success_rate": 1.0,
      "error_count": 0,
      "config": {
        "model": "/home/lifd/models/opt-125m/facebook/opt-125m",
        "max_num_seqs": 8,
        "max_num_batched_tokens": 2048,
        "enforce_eager": true,
        "disable_log_stats": true,
        "tensor_parallel_size": 1,
        "gpu_memory_utilization": 0.7,
        "scheduling_policy": "fcfs"
      }
    }
  ],
  "mixed_length_2": [
    {
      "scheduler_type": "MLFQ",
      "total_requests": 2,
      "total_tokens": 100,
      "total_time": 0.3262040615081787,
      "throughput_tokens_per_sec": 306.55657546891933,
      "avg_latency": 0.32618021965026855,
      "p50_latency": 0.32618021965026855,
      "p95_latency": 0.32618117332458496,
      "p99_latency": 0.32618117332458496,
      "avg_ttft": 0.09785406589508056,
      "p50_ttft": 0.09785406589508056,
      "p95_ttft": 0.09785435199737548,
      "p99_ttft": 0.09785435199737548,
      "success_rate": 1.0,
      "error_count": 0,
      "config": {
        "model": "/home/lifd/models/opt-125m/facebook/opt-125m",
        "max_num_seqs": 8,
        "max_num_batched_tokens": 2048,
        "enforce_eager": true,
        "disable_log_stats": true,
        "tensor_parallel_size": 1,
        "gpu_memory_utilization": 0.7,
        "scheduling_policy": "mlfq",
        "mlfq_num_levels": 4,
        "mlfq_base_quantum": 1,
        "mlfq_quantum_multiplier": 2.0,
        "mlfq_skip_join_base": 100,
        "mlfq_starvation_threshold": 50,
        "mlfq_eta": 1
      }
    },
    {
      "scheduler_type": "Default",
      "total_requests": 2,
      "total_tokens": 100,
      "total_time": 0.3300628662109375,
      "throughput_tokens_per_sec": 302.97258564097825,
      "avg_latency": 0.3300495147705078,
      "p50_latency": 0.3300495147705078,
      "p95_latency": 0.3300504684448242,
      "p99_latency": 0.3300504684448242,
      "avg_ttft": 0.09901485443115235,
      "p50_ttft": 0.09901485443115235,
      "p95_ttft": 0.09901514053344726,
      "p99_ttft": 0.09901514053344726,
      "success_rate": 1.0,
      "error_count": 0,
      "config": {
        "model": "/home/lifd/models/opt-125m/facebook/opt-125m",
        "max_num_seqs": 8,
        "max_num_batched_tokens": 2048,
        "enforce_eager": true,
        "disable_log_stats": true,
        "tensor_parallel_size": 1,
        "gpu_memory_utilization": 0.7,
        "scheduling_policy": "fcfs"
      }
    }
  ],
  "long_requests_2": [
    {
      "scheduler_type": "MLFQ",
      "total_requests": 2,
      "total_tokens": 200,
      "total_time": 0.5947020053863525,
      "throughput_tokens_per_sec": 336.3028847869254,
      "avg_latency": 0.5946800708770752,
      "p50_latency": 0.5946800708770752,
      "p95_latency": 0.5946810245513916,
      "p99_latency": 0.5946810245513916,
      "avg_ttft": 0.17840402126312255,
      "p50_ttft": 0.17840402126312255,
      "p95_ttft": 0.17840430736541749,
      "p99_ttft": 0.17840430736541749,
      "success_rate": 1.0,
      "error_count": 0,
      "config": {
        "model": "/home/lifd/models/opt-125m/facebook/opt-125m",
        "max_num_seqs": 8,
        "max_num_batched_tokens": 2048,
        "enforce_eager": true,
        "disable_log_stats": true,
        "tensor_parallel_size": 1,
        "gpu_memory_utilization": 0.7,
        "scheduling_policy": "mlfq",
        "mlfq_num_levels": 4,
        "mlfq_base_quantum": 1,
        "mlfq_quantum_multiplier": 2.0,
        "mlfq_skip_join_base": 100,
        "mlfq_starvation_threshold": 50,
        "mlfq_eta": 1
      }
    },
    {
      "scheduler_type": "Default",
      "total_requests": 2,
      "total_tokens": 200,
      "total_time": 0.6294703483581543,
      "throughput_tokens_per_sec": 317.7274362829948,
      "avg_latency": 0.6294481754302979,
      "p50_latency": 0.6294481754302979,
      "p95_latency": 0.6294491291046143,
      "p99_latency": 0.6294491291046143,
      "avg_ttft": 0.18883445262908935,
      "p50_ttft": 0.18883445262908935,
      "p95_ttft": 0.18883473873138426,
      "p99_ttft": 0.18883473873138426,
      "success_rate": 1.0,
      "error_count": 0,
      "config": {
        "model": "/home/lifd/models/opt-125m/facebook/opt-125m",
        "max_num_seqs": 8,
        "max_num_batched_tokens": 2048,
        "enforce_eager": true,
        "disable_log_stats": true,
        "tensor_parallel_size": 1,
        "gpu_memory_utilization": 0.7,
        "scheduling_policy": "fcfs"
      }
    }
  ],
  "burst_load_2": [
    {
      "scheduler_type": "MLFQ",
      "total_requests": 2,
      "total_tokens": 60,
      "total_time": 0.21912074089050293,
      "throughput_tokens_per_sec": 273.82163713102204,
      "avg_latency": 0.2191098928451538,
      "p50_latency": 0.2191098928451538,
      "p95_latency": 0.21911072731018066,
      "p99_latency": 0.21911072731018066,
      "avg_ttft": 0.06573296785354614,
      "p50_ttft": 0.06573296785354614,
      "p95_ttft": 0.0657332181930542,
      "p99_ttft": 0.0657332181930542,
      "success_rate": 1.0,
      "error_count": 0,
      "config": {
        "model": "/home/lifd/models/opt-125m/facebook/opt-125m",
        "max_num_seqs": 8,
        "max_num_batched_tokens": 2048,
        "enforce_eager": true,
        "disable_log_stats": true,
        "tensor_parallel_size": 1,
        "gpu_memory_utilization": 0.7,
        "scheduling_policy": "mlfq",
        "mlfq_num_levels": 4,
        "mlfq_base_quantum": 1,
        "mlfq_quantum_multiplier": 2.0,
        "mlfq_skip_join_base": 100,
        "mlfq_starvation_threshold": 50,
        "mlfq_eta": 1
      }
    },
    {
      "scheduler_type": "Default",
      "total_requests": 2,
      "total_tokens": 60,
      "total_time": 0.2419416904449463,
      "throughput_tokens_per_sec": 247.99363801110982,
      "avg_latency": 0.24193131923675537,
      "p50_latency": 0.24193131923675537,
      "p95_latency": 0.24193239212036133,
      "p99_latency": 0.24193239212036133,
      "avg_ttft": 0.07257939577102661,
      "p50_ttft": 0.07257939577102661,
      "p95_ttft": 0.07257971763610839,
      "p99_ttft": 0.07257971763610839,
      "success_rate": 1.0,
      "error_count": 0,
      "config": {
        "model": "/home/lifd/models/opt-125m/facebook/opt-125m",
        "max_num_seqs": 8,
        "max_num_batched_tokens": 2048,
        "enforce_eager": true,
        "disable_log_stats": true,