{
  "short_requests_5": [
    {
      "scheduler_type": "MLFQ",
      "total_requests": 5,
      "total_tokens": 89,
      "total_time": 0.20238566398620605,
      "throughput_tokens_per_sec": 439.75446801442394,
      "avg_latency": 0.20236573219299317,
      "p50_latency": 0.20236754417419434,
      "p95_latency": 0.20236897468566895,
      "p99_latency": 0.20236897468566895,
      "avg_ttft": 0.06070971965789795,
      "p50_ttft": 0.0607102632522583,
      "p95_ttft": 0.06071069240570068,
      "p99_ttft": 0.06071069240570068,
      "success_rate": 1.0,
      "error_count": 0,
      "config": {
        "model": "/home/lifd/models/opt-125m/facebook/opt-125m",
        "max_num_seqs": 8,
        "max_num_batched_tokens": 2048,
        "enforce_eager": true,
        "disable_log_stats": true,
        "tensor_parallel_size": 1,
        "gpu_memory_utilization": 0.7,
        "scheduling_policy": "mlfq",
        "mlfq_num_levels": 4,
        "mlfq_base_quantum": 1,
        "mlfq_quantum_multiplier": 2.0,
        "mlfq_skip_join_base": 100,
        "mlfq_starvation_threshold": 50,
        "mlfq_eta": 1
      }
    },
    {
      "scheduler_type": "Default",
      "total_requests": 5,
      "total_tokens": 89,
      "total_time": 0.18220019340515137,
      "throughput_tokens_per_sec": 488.47368565682154,
      "avg_latency": 0.182181978225708,
      "p50_latency": 0.18218231201171875,
      "p95_latency": 0.18218326568603516,
      "p99_latency": 0.18218326568603516,
      "avg_ttft": 0.054654593467712405,
      "p50_ttft": 0.054654693603515624,
      "p95_ttft": 0.05465497970581055,
      "p99_ttft": 0.05465497970581055,
      "success_rate": 1.0,
      "error_count": 0,
      "config": {
        "model": "/home/lifd/models/opt-125m/facebook/opt-125m",
        "max_num_seqs": 8,
        "max_num_batched_tokens": 2048,
        "enforce_eager": true,
        "disable_log_stats": true,
        "tensor_parallel_size": 1,
        "gpu_memory_utilization": 0.7,
        "scheduling_policy": "fcfs"
      }
    }
  ],
  "mixed_length_5": [
    {
      "scheduler_type": "MLFQ",
      "total_requests": 5,
      "total_tokens": 250,
      "total_time": 0.3264913558959961,
      "throughput_tokens_per_sec": 765.7170564712824,
      "avg_latency": 0.32646474838256834,
      "p50_latency": 0.3264651298522949,
      "p95_latency": 0.32646608352661133,
      "p99_latency": 0.32646608352661133,
      "avg_ttft": 0.0979394245147705,
      "p50_ttft": 0.09793953895568848,
      "p95_ttft": 0.09793982505798339,
      "p99_ttft": 0.09793982505798339,
      "success_rate": 1.0,
      "error_count": 0,
      "config": {
        "model": "/home/lifd/models/opt-125m/facebook/opt-125m",
        "max_num_seqs": 8,
        "max_num_batched_tokens": 2048,
        "enforce_eager": true,
        "disable_log_stats": true,
        "tensor_parallel_size": 1,
        "gpu_memory_utilization": 0.7,
        "scheduling_policy": "mlfq",
        "mlfq_num_levels": 4,
        "mlfq_base_quantum": 1,
        "mlfq_quantum_multiplier": 2.0,
        "mlfq_skip_join_base": 100,
        "mlfq_starvation_threshold": 50,
        "mlfq_eta": 1
      }
    },
    {
      "scheduler_type": "Default",
      "total_requests": 5,
      "total_tokens": 250,
      "total_time": 0.32673025131225586,
      "throughput_tokens_per_sec": 765.1571869942193,
      "avg_latency": 0.32670884132385253,
      "p50_latency": 0.3267092704772949,
      "p95_latency": 0.3267099857330322,
      "p99_latency": 0.3267099857330322,
      "avg_ttft": 0.09801265239715576,
      "p50_ttft": 0.09801278114318847,
      "p95_ttft": 0.09801299571990967,
      "p99_ttft": 0.09801299571990967,
      "success_rate": 1.0,
      "error_count": 0,
      "config": {
        "model": "/home/lifd/models/opt-125m/facebook/opt-125m",
        "max_num_seqs": 8,
        "max_num_batched_tokens": 2048,
        "enforce_eager": true,
        "disable_log_stats": true,
        "tensor_parallel_size": 1,
        "gpu_memory_utilization": 0.7,
        "scheduling_policy": "fcfs"
      }
    }
  ],
  "long_requests_5": [
    {
      "scheduler_type": "MLFQ",
      "total_requests": 5,
      "total_tokens": 500,
      "total_time": 0.6074798107147217,
      "throughput_tokens_per_sec": 823.0726209842795,
      "avg_latency": 0.6074493885040283,
      "p50_latency": 0.6074497699737549,
      "p95_latency": 0.6074507236480713,
      "p99_latency": 0.6074507236480713,
      "avg_ttft": 0.1822348165512085,
      "p50_ttft": 0.18223493099212645,
      "p95_ttft": 0.1822352170944214,
      "p99_ttft": 0.1822352170944214,
      "success_rate": 1.0,
      "error_count": 0,
      "config": {
        "model": "/home/lifd/models/opt-125m/facebook/opt-125m",
        "max_num_seqs": 8,
        "max_num_batched_tokens": 2048,
        "enforce_eager": true,
        "disable_log_stats": true,
        "tensor_parallel_size": 1,
        "gpu_memory_utilization": 0.7,
        "scheduling_policy": "mlfq",
        "mlfq_num_levels": 4,
        "mlfq_base_quantum": 1,
        "mlfq_quantum_multiplier": 2.0,
        "mlfq_skip_join_base": 100,
        "mlfq_starvation_threshold": 50,
        "mlfq_eta": 1
      }
    },
    {
      "scheduler_type": "Default",
      "total_requests": 5,
      "total_tokens": 500,
      "total_time": 0.6194219589233398,
      "throughput_tokens_per_sec": 807.204188997569,
      "avg_latency": 0.619399881362915,
      "p50_latency": 0.6194002628326416,
      "p95_latency": 0.6194016933441162,
      "p99_latency": 0.6194016933441162,
      "avg_ttft": 0.18581996440887452,
      "p50_ttft": 0.18582007884979249,
      "p95_ttft": 0.18582050800323485,
      "p99_ttft": 0.18582050800323485,
      "success_rate": 1.0,
      "error_count": 0,
      "config": {
        "model": "/home/lifd/models/opt-125m/facebook/opt-125m",
        "max_num_seqs": 8,
        "max_num_batched_tokens": 2048,
        "enforce_eager": true,
        "disable_log_stats": true,
        "tensor_parallel_size": 1,
        "gpu_memory_utilization": 0.7,
        "scheduling_policy": "fcfs"
      }
    }
  ],
  "burst_load_5": [
    {
      "scheduler_type": "MLFQ",
      "total_requests": 5,
      "total_tokens": 150,
      "total_time": 0.2200183868408203,
      "throughput_tokens_per_sec": 681.761202569504,
      "avg_latency": 0.22000808715820314,
      "p50_latency": 0.22000837326049805,
      "p95_latency": 0.22000932693481445,
      "p99_latency": 0.22000932693481445,
      "avg_ttft": 0.06600242614746094,
      "p50_ttft": 0.06600251197814941,
      "p95_ttft": 0.06600279808044433,
      "p99_ttft": 0.06600279808044433,
      "success_rate": 1.0,
      "error_count": 0,
      "config": {
        "model": "/home/lifd/models/opt-125m/facebook/opt-125m",
        "max_num_seqs": 8,
        "max_num_batched_tokens": 2048,
        "enforce_eager": true,
        "disable_log_stats": true,
        "tensor_parallel_size": 1,
        "gpu_memory_utilization": 0.7,
        "scheduling_policy": "mlfq",
        "mlfq_num_levels": 4,
        "mlfq_base_quantum": 1,
        "mlfq_quantum_multiplier": 2.0,
        "mlfq_skip_join_base": 100,
        "mlfq_starvation_threshold": 50,
        "mlfq_eta": 1
      }
    },
    {
      "scheduler_type": "Default",
      "total_requests": 5,
      "total_tokens": 150,
      "total_time": 0.23925089836120605,
      "throughput_tokens_per_sec": 626.9568934848444,
      "avg_latency": 0.23923869132995607,
      "p50_latency": 0.23923921585083008,
      "p95_latency": 0.23923993110656738,
      "p99_latency": 0.23923993110656738,
      "avg_ttft": 0.07177160739898682,
      "p50_ttft": 0.07177176475524902,
      "p95_ttft": 0.07177197933197021,
      "p99_ttft": 0.07177197933197021,
      "success_rate": 1.0,
      "error_count": 0,
      "config": {
        "model": "/home/lifd/models/opt-125m/facebook/opt-125m",
        "max_num_seqs": 8,
        "max_num_batched_tokens": 2048,
        "enforce_eager": true,
        "disable_log_stats": true,