{
  "short_requests_100": [
    {
      "scheduler_type": "MLFQ",
      "total_requests": 100,
      "total_tokens": 1930,
      "total_time": 2.310774803161621,
      "throughput_tokens_per_sec": 835.2176929397699,
      "avg_latency": 0.23106942176818848,
      "p50_latency": 0.22239363193511963,
      "p95_latency": 0.3063973903656006,
      "p99_latency": 0.30640077590942383,
      "avg_ttft": 0.06932082653045654,
      "p50_ttft": 0.06671808958053589,
      "p95_ttft": 0.09191921710968018,
      "p99_ttft": 0.09192023277282714,
      "success_rate": 1.0,
      "error_count": 0,
      "config": {
        "model": "/home/lifd/models/opt-125m/facebook/opt-125m",
        "max_num_seqs": 8,
        "max_num_batched_tokens": 2048,
        "enforce_eager": true,
        "disable_log_stats": true,
        "tensor_parallel_size": 1,
        "gpu_memory_utilization": 0.7,
        "scheduling_policy": "mlfq",
        "mlfq_num_levels": 4,
        "mlfq_base_quantum": 1,
        "mlfq_quantum_multiplier": 2.0,
        "mlfq_skip_join_base": 100,
        "mlfq_starvation_threshold": 50,
        "mlfq_eta": 1
      }
    },
    {
      "scheduler_type": "Default",
      "total_requests": 100,
      "total_tokens": 1930,
      "total_time": 2.2914652824401855,
      "throughput_tokens_per_sec": 842.2558328899225,
      "avg_latency": 0.2291395378112793,
      "p50_latency": 0.22137129306793213,
      "p95_latency": 0.2994696617126465,
      "p99_latency": 0.2994728088378906,
      "avg_ttft": 0.06874186134338378,
      "p50_ttft": 0.06641138792037964,
      "p95_ttft": 0.08984089851379394,
      "p99_ttft": 0.08984184265136719,
      "success_rate": 1.0,
      "error_count": 0,
      "config": {
        "model": "/home/lifd/models/opt-125m/facebook/opt-125m",
        "max_num_seqs": 8,
        "max_num_batched_tokens": 2048,
        "enforce_eager": true,
        "disable_log_stats": true,
        "tensor_parallel_size": 1,
        "gpu_memory_utilization": 0.7,
        "scheduling_policy": "fcfs"
      }
    }
  ],
  "mixed_length_100": [
    {
      "scheduler_type": "MLFQ",
      "total_requests": 100,
      "total_tokens": 4945,
      "total_time": 3.7386789321899414,
      "throughput_tokens_per_sec": 1322.6597120773495,
      "avg_latency": 0.2879259276390076,
      "p50_latency": 0.2829113006591797,
      "p95_latency": 0.32925986051559447,
      "p99_latency": 0.32926130294799805,
      "avg_ttft": 0.08637777829170226,
      "p50_ttft": 0.0848733901977539,
      "p95_ttft": 0.09877795815467835,
      "p99_ttft": 0.09877839088439941,
      "success_rate": 1.0,
      "error_count": 0,
      "config": {
        "model": "/home/lifd/models/opt-125m/facebook/opt-125m",
        "max_num_seqs": 8,
        "max_num_batched_tokens": 2048,
        "enforce_eager": true,
        "disable_log_stats": true,
        "tensor_parallel_size": 1,
        "gpu_memory_utilization": 0.7,
        "scheduling_policy": "mlfq",
        "mlfq_num_levels": 4,
        "mlfq_base_quantum": 1,
        "mlfq_quantum_multiplier": 2.0,
        "mlfq_skip_join_base": 100,
        "mlfq_starvation_threshold": 50,
        "mlfq_eta": 1
      }
    },
    {
      "scheduler_type": "Default",
      "total_requests": 100,
      "total_tokens": 4933,
      "total_time": 3.755962371826172,
      "throughput_tokens_per_sec": 1313.3784398381886,
      "avg_latency": 0.28907443046569825,
      "p50_latency": 0.28229212760925293,
      "p95_latency": 0.35578343868255613,
      "p99_latency": 0.3557860851287842,
      "avg_ttft": 0.08672232913970947,
      "p50_ttft": 0.08468763828277587,
      "p95_ttft": 0.10673503160476686,
      "p99_ttft": 0.10673582553863525,
      "success_rate": 1.0,
      "error_count": 0,
      "config": {
        "model": "/home/lifd/models/opt-125m/facebook/opt-125m",
        "max_num_seqs": 8,
        "max_num_batched_tokens": 2048,
        "enforce_eager": true,
        "disable_log_stats": true,
        "tensor_parallel_size": 1,
        "gpu_memory_utilization": 0.7,
        "scheduling_policy": "fcfs"
      }
    }
  ],
  "long_requests_100": [
    {
      "scheduler_type": "MLFQ",
      "total_requests": 100,
      "total_tokens": 9686,
      "total_time": 11.152326107025146,
      "throughput_tokens_per_sec": 868.518361734287,
      "avg_latency": 0.5576113295555115,
      "p50_latency": 0.5540684461593628,
      "p95_latency": 0.6220472097396851,
      "p99_latency": 0.6250662803649902,
      "avg_ttft": 0.16728339886665344,
      "p50_ttft": 0.16622053384780883,
      "p95_ttft": 0.18661416292190552,
      "p99_ttft": 0.18751988410949708,
      "success_rate": 1.0,
      "error_count": 0,
      "config": {
        "model": "/home/lifd/models/opt-125m/facebook/opt-125m",
        "max_num_seqs": 8,
        "max_num_batched_tokens": 2048,
        "enforce_eager": true,
        "disable_log_stats": true,
        "tensor_parallel_size": 1,
        "gpu_memory_utilization": 0.7,
        "scheduling_policy": "mlfq",
        "mlfq_num_levels": 4,
        "mlfq_base_quantum": 1,
        "mlfq_quantum_multiplier": 2.0,
        "mlfq_skip_join_base": 100,
        "mlfq_starvation_threshold": 50,
        "mlfq_eta": 1
      }
    },
    {
      "scheduler_type": "Default",
      "total_requests": 100,
      "total_tokens": 9686,
      "total_time": 11.07538104057312,
      "throughput_tokens_per_sec": 874.5523033940489,
      "avg_latency": 0.553764464855194,
      "p50_latency": 0.5504717826843262,
      "p95_latency": 0.5979951381683349,
      "p99_latency": 0.6001324653625488,
      "avg_ttft": 0.16612933945655822,
      "p50_ttft": 0.16514153480529786,
      "p95_ttft": 0.17939854145050046,
      "p99_ttft": 0.18003973960876465,
      "success_rate": 1.0,
      "error_count": 0,
      "config": {
        "model": "/home/lifd/models/opt-125m/facebook/opt-125m",
        "max_num_seqs": 8,
        "max_num_batched_tokens": 2048,
        "enforce_eager": true,
        "disable_log_stats": true,
        "tensor_parallel_size": 1,
        "gpu_memory_utilization": 0.7,
        "scheduling_policy": "fcfs"
      }
    }
  ],
  "burst_load_100": [
    {
      "scheduler_type": "MLFQ",
      "total_requests": 100,
      "total_tokens": 2995,
      "total_time": 2.5659801959991455,
      "throughput_tokens_per_sec": 1167.1952903883587,
      "avg_latency": 0.5131810665130615,
      "p50_latency": 0.5014877319335938,
      "p95_latency": 0.5645418882369995,
      "p99_latency": 0.5645458698272705,
      "avg_ttft": 0.15395431995391845,
      "p50_ttft": 0.15044631958007812,
      "p95_ttft": 0.16936256647109985,
      "p99_ttft": 0.16936376094818115,
      "success_rate": 1.0,
      "error_count": 0,
      "config": {
        "model": "/home/lifd/models/opt-125m/facebook/opt-125m",
        "max_num_seqs": 8,
        "max_num_batched_tokens": 2048,
        "enforce_eager": true,
        "disable_log_stats": true,
        "tensor_parallel_size": 1,
        "gpu_memory_utilization": 0.7,
        "scheduling_policy": "mlfq",
        "mlfq_num_levels": 4,
        "mlfq_base_quantum": 1,
        "mlfq_quantum_multiplier": 2.0,
        "mlfq_skip_join_base": 100,
        "mlfq_starvation_threshold": 50,
        "mlfq_eta": 1
      }
    },
    {
      "scheduler_type": "Default",
      "total_requests": 100,
      "total_tokens": 2995,
      "total_time": 2.569843053817749,
      "throughput_tokens_per_sec": 1165.4408215905012,
      "avg_latency": 0.5139486289024353,
      "p50_latency": 0.5005029439926147,
      "p95_latency": 0.5655686140060425,
      "p99_latency": 0.565575122833252,
      "avg_ttft": 0.1541845886707306,
      "p50_ttft": 0.1501508831977844,
      "p95_ttft": 0.16967058420181275,
      "p99_ttft": 0.16967253684997557,
      "success_rate": 1.0,
      "error_count": 0,
      "config": {
        "model": "/home/lifd/models/opt-125m/facebook/opt-125m",
        "max_num_seqs": 8,
        "max_num_batched_tokens": 2048,
        "enforce_eager": true,