{
  "benchmark_type": "streaming_video",
  "model": "Qwen/Qwen2.5-VL-3B-Instruct",
  "scenario": "multi-query",
  "scenario_description": "Multiple concurrent queries sharing SSM state",
  "results": [
    {
      "scenario": "multi-query",
      "config": "hybrid_attention",
      "model": "Qwen/Qwen2.5-VL-3B-Instruct",
      "num_frames": 32,
      "concurrent_queries": 3,
      "total_frame_time_seconds": 0.08952905237674713,
      "avg_frame_time_ms": 1.6272005159407854,
      "frame_times_ms": [
        6.604073569178581,
        1.5628300607204437,
        1.4327764511108398,
        1.4210287481546402,
        1.4241542667150497,
        1.4122240245342255,
        1.4677401632070541,
        1.6449559479951859,
        1.4401953667402267,
        1.4304965734481812,
        1.415260136127472,
        1.4093071222305298,
        1.38922780752182,
        1.4184005558490753,
        1.499434933066368,
        1.6438085585832596,
        1.6088299453258514,
        1.401599496603012,
        1.382380723953247,
        1.3601351529359818,
        1.404736191034317,
        1.3981442898511887,
        1.4433600008487701,
        1.8216539174318314,
        1.4857109636068344,
        1.3664774596691132,
        1.3642478734254837,
        1.3824552297592163,
        1.6792528331279755,
        1.6049612313508987,
        1.370469108223915,
        1.3800878077745438
      ],
      "total_queries": 3,
      "avg_query_latency_seconds": 0.7414035058269898,
      "query_latencies_seconds": [
        1.2252869550138712,
        0.23639889433979988,
        0.7625246681272984
      ],
      "total_input_tokens": 14441,
      "total_output_tokens": 88,
      "queries_per_second": 1.3486917714552362,
      "memory_samples": [],
      "memory_growth_rate_gib_per_frame": 0.0,
      "peak_memory_gib": 0.0,
      "initial_memory_gib": 0,
      "final_memory_gib": 0.0,
      "memory_savings_percent": null,
      "speedup_factor": null,
      "error": null
    }
  ]
}