{
  "benchmark_type": "streaming_video",
  "model": "Qwen/Qwen2.5-VL-3B-Instruct",
  "scenario": "multi-query",
  "scenario_description": "Multiple concurrent queries sharing SSM state",
  "results": [
    {
      "scenario": "multi-query",
      "config": "standard_attention",
      "model": "Qwen/Qwen2.5-VL-3B-Instruct",
      "num_frames": 32,
      "concurrent_queries": 3,
      "total_frame_time_seconds": 0.08121480606496334,
      "avg_frame_time_ms": 1.6464953660033643,
      "frame_times_ms": [
        5.938984453678131,
        1.574261114001274,
        1.4718715101480484,
        1.460012048482895,
        1.4607422053813934,
        1.444343477487564,
        1.4974232763051987,
        1.635722815990448,
        1.4941077679395676,
        1.4589838683605194,
        1.453561708331108,
        1.4644097536802292,
        1.4699585735797882,
        1.4515705406665802,
        1.7543807625770569,
        1.7441809177398682,
        1.496514305472374,
        1.4242995530366898,
        1.4480724930763245,
        1.446940004825592,
        1.432117074728012,
        1.441027969121933,
        1.5192274004220963,
        1.7772279679775238,
        1.6973521560430527,
        1.4786440879106522,
        1.4499425888061523,
        1.4446787536144257,
        1.438504084944725,
        1.4460384845733643,
        1.436496153473854,
        1.5362538397312164
      ],
      "total_queries": 3,
      "avg_query_latency_seconds": 0.7506011060128609,
      "query_latencies_seconds": [
        1.234844844788313,
        0.24712961167097092,
        0.769828861579299
      ],
      "total_input_tokens": 14441,
      "total_output_tokens": 88,
      "queries_per_second": 1.332136168198361,
      "memory_samples": [],
      "memory_growth_rate_gib_per_frame": 0.0,
      "peak_memory_gib": 0.0,
      "initial_memory_gib": 0,
      "final_memory_gib": 0.0,
      "memory_savings_percent": null,
      "speedup_factor": null,
      "error": null
    }
  ]
}