{
    "model_type": "llama",
    "kv_cache": {
        "dtype": "int8",
        "scaling_factor": {
            "k_scale": {
                "0": {
                    "0": 0.1298828125
                },
                "1": {
                    "0": 0.11419677734375
                },
                "2": {
                    "0": 0.146240234375
                },
                "3": {
                    "0": 0.1583251953125
                },
                "4": {
                    "0": 0.1766357421875
                },
                "5": {
                    "0": 0.155029296875
                },
                "6": {
                    "0": 0.1474609375
                },
                "7": {
                    "0": 0.1646728515625
                },
                "8": {
                    "0": 0.1824951171875
                },
                "9": {
                    "0": 0.1763916015625
                },
                "10": {
                    "0": 0.1644287109375
                },
                "11": {
                    "0": 0.1651611328125
                },
                "12": {
                    "0": 0.1641845703125
                },
                "13": {
                    "0": 0.1453857421875
                },
                "14": {
                    "0": 0.1622314453125
                },
                "15": {
                    "0": 0.153076171875
                },
                "16": {
                    "0": 0.1800537109375
                },
                "17": {
                    "0": 0.1478271484375
                },
                "18": {
                    "0": 0.1488037109375
                },
                "19": {
                    "0": 0.1578369140625
                },
                "20": {
                    "0": 0.16064453125
                },
                "21": {
                    "0": 0.169189453125
                },
                "22": {
                    "0": 0.159423828125
                },
                "23": {
                    "0": 0.1591796875
                },
                "24": {
                    "0": 0.16552734375
                },
                "25": {
                    "0": 0.177734375
                },
                "26": {
                    "0": 0.177490234375
                },
                "27": {
                    "0": 0.165283203125
                },
                "28": {
                    "0": 0.166748046875
                },
                "29": {
                    "0": 0.2744140625
                },
                "30": {
                    "0": 0.15283203125
                },
                "31": {
                    "0": 0.1715087890625
                }
            },
            "v_scale": {
                "0": {
                    "0": 0.0043487548828125
                },
                "1": {
                    "0": 0.026824951171875
                },
                "2": {
                    "0": 0.014801025390625
                },
                "3": {
                    "0": 0.021697998046875
                },
                "4": {
                    "0": 0.0166778564453125
                },
                "5": {
                    "0": 0.0183868408203125
                },
                "6": {
                    "0": 0.0255279541015625
                },
                "7": {
                    "0": 0.02130126953125
                },
                "8": {
                    "0": 0.0220794677734375
                },
                "9": {
                    "0": 0.0289154052734375
                },
                "10": {
                    "0": 0.0200042724609375
                },
                "11": {
                    "0": 0.0249176025390625
                },
                "12": {
                    "0": 0.020233154296875
                },
                "13": {
                    "0": 0.0272369384765625
                },
                "14": {
                    "0": 0.0230712890625
                },
                "15": {
                    "0": 0.02984619140625
                },
                "16": {
                    "0": 0.0198822021484375
                },
                "17": {
                    "0": 0.0206298828125
                },
                "18": {
                    "0": 0.0265045166015625
                },
                "19": {
                    "0": 0.02459716796875
                },
                "20": {
                    "0": 0.0234375
                },
                "21": {
                    "0": 0.0258941650390625
                },
                "22": {
                    "0": 0.035430908203125
                },
                "23": {
                    "0": 0.028411865234375
                },
                "24": {
                    "0": 0.0478515625
                },
                "25": {
                    "0": 0.03515625
                },
                "26": {
                    "0": 0.036163330078125
                },
                "27": {
                    "0": 0.044891357421875
                },
                "28": {
                    "0": 0.04412841796875
                },
                "29": {
                    "0": 0.054107666015625
                },
                "30": {
                    "0": 0.053497314453125
                },
                "31": {
                    "0": 0.05218505859375
                }
            },
            "k_zero_point": {
                "0": {
                    "0": 0.0
                },
                "1": {
                    "0": 0.0
                },
                "2": {
                    "0": 0.0
                },
                "3": {
                    "0": 0.0
                },
                "4": {
                    "0": 0.0
                },
                "5": {
                    "0": 0.0
                },
                "6": {
                    "0": 0.0
                },
                "7": {
                    "0": 0.0
                },
                "8": {
                    "0": 0.0
                },
                "9": {
                    "0": 0.0
                },
                "10": {
                    "0": 0.0
                },
                "11": {
                    "0": 0.0
                },
                "12": {
                    "0": 0.0
                },
                "13": {
                    "0": 0.0
                },
                "14": {
                    "0": 0.0
                },
                "15": {
                    "0": 0.0
                },
                "16": {
                    "0": 0.0
                },
                "17": {
                    "0": 0.0
                },
                "18": {
                    "0": 0.0
                },
                "19": {
                    "0": 0.0
                },
                "20": {
                    "0": 0.0
                },
                "21": {
                    "0": 0.0
                },
                "22": {
                    "0": 0.0
                },
                "23": {
                    "0": 0.0
                },
                "24": {
                    "0": 0.0
                },
                "25": {
                    "0": 0.0
                },
                "26": {
                    "0": 0.0
                },
                "27": {
                    "0": 0.0
                },
                "28": {
                    "0": 0.0
                },
                "29": {
                    "0": 0.0
                },
                "30": {
                    "0": 0.0
                },
                "31": {
                    "0": 0.0
                }
            },
            "v_zero_point": {
                "0": {
                    "0": 0.0
                },